OA,CHILD_0-7
95AA010001,17
95AA010002,23
95AA010003,67
95AA010004,23
95AA010005,14
95AA010006,11
95AA010007,32
95AA010008,9
95AA010009,14
95AA010010,457
95AA010011,17
95AA020001,20
95AA020002,25
95AA020003,15
95AA020004,28
95AA020005,12
95AA020006,13
95AA030001,43
95AA030002,32
95AA030003,40
95AA030004,40
95AA030005,32
95AA030006,27
95AA030007,15
95AA040001,36
95AA040002,33
95AA040003,31
95AA040004,51
95AA040005,67
95AA040006,47
95AA040007,31
95AA050001,68
95AA050002,58
95AA050003,27
95AA050004,55
95AA050005,42
95AA050006,37
95AA060001,34
95AA060002,16
95AA060003,73
95AA060004,53
95AA060005,34
95AA060006,96
95AA060007,76
95AA060008,105
95AA060009,46
95AA060010,30
95AA060011,40
95AA070001,48
95AA070002,38
95AA070003,24
95AA070004,44
95AA070005,28
95AA070006,32
95AA080001,40
95AA080002,30
95AA080003,46
95AA080004,55
95AA080005,32
95AA080006,23
95AA090001,46
95AA090002,60
95AA090003,22
95AA090004,33
95AA090005,19
95AA090006,14
95AA090007,45
95AA100001,48
95AA100002,27
95AA100003,19
95AA100004,44
95AA100005,51
95AA100006,61
95AA110001,54
95AA110002,39
95AA110003,36
95AA110004,50
95AA110005,13
95AA110006,9
95AA110007,58
95AA110008,32
95AA110009,12
95AA110010,29
95AA110011,53
95AA120001,51
95AA120002,62
95AA120003,37
95AA120004,42
95AA120005,47
95AA120006,39
95AA130001,19
95AA130002,62
95AA130003,85
95AA130004,16
95AA130005,35
95AA130006,59
95AA130007,80
95AA130008,38
95AA140001,35
95AA140002,42
95AA140003,54
95AA140004,40
95AA140005,31
95AA150001,87
95AA150002,47
95AA150003,53
95AA150004,29
95AA150005,30
95AA150006,41
95AA150007,43
95AA150008,64
95AA160001,33
95AA160002,24
95AA160003,32
95AA160004,18
95AA160005,32
95AA160006,32
95AA170001,35
95AA170002,71
95AA170003,43
95AA170004,29
95AA170005,41
95AA170006,31
95AA170007,24
95AA180001,28
95AA180002,28
95AA180003,42
95AA180004,29
95AA180005,45
95AA180006,40
95AA180007,23
95AA190001,39
95AA190002,59
95AA190003,69
95AA190004,66
95AA190005,33
95AA190006,59
95BB010001,90
95BB010002,43
95BB010003,40
95BB010004,52
95BB010005,35
95BB010006,47
95BB010007,45
95BB010008,34
95BB010009,58
95BB020001,14
95BB020002,33
95BB020003,29
95BB020004,
95BB020005,11
95BB020006,12
95BB020007,15
95BB020008,10
95BB020009,19
95BB020010,10
95BB030001,22
95BB030002,32
95BB030003,28
95BB030004,39
95BB030005,35
95BB030006,31
95BB030007,28
95BB030008,23
95BB030009,46
95BB030010,24
95BB030011,22
95BB040001,18
95BB040002,16
95BB040003,16
95BB040004,33
95BB040005,31
95BB040006,14
95BB040007,15
95BB040008,22
95BB040009,13
95BB040010,14
95BB050001,28
95BB050002,21
95BB050003,43
95BB050004,22
95BB050005,35
95BB050006,16
95BB050007,48
95BB050008,37
95BB050009,37
95BB060001,14
95BB060002,22
95BB060003,20
95BB060004,
95BB060005,11
95BB060006,9
95BB060007,21
95BB060008,17
95BB060009,19
95BB060010,9
95BB060011,16
95BB070001,24
95BB070002,21
95BB070003,
95BB070004,43
95BB070005,13
95BB070006,34
95BB070007,24
95BB070008,31
95BB070009,25
95BB070010,36
95BB080001,30
95BB080002,46
95BB080003,28
95BB080004,23
95BB080005,15
95BB080006,25
95BB080007,26
95BB080008,51
95BB080009,44
95BB090001,40
95BB090002,13
95BB090003,13
95BB090004,20
95BB090005,22
95BB090006,27
95BB090007,47
95BB090008,24
95BB090009,28
95BB100001,12
95BB100002,19
95BB100003,18
95BB100004,10
95BB100005,9
95BB100006,29
95BB100007,24
95BB100008,31
95BB100009,15
95BB100010,12
95BB100011,18
95BB110001,18
95BB110002,8
95BB110003,33
95BB110004,67
95BB110005,14
95BB110006,31
95BB110007,13
95BB110008,20
95BB110009,35
95BB110010,34
95BB110011,35
95BB120001,23
95BB120002,47
95BB120003,41
95BB120004,61
95BB120005,33
95BB120006,15
95BB120007,14
95BB120008,59
95BB120009,14
95BB130001,28
95BB130002,21
95BB130003,55
95BB130004,22
95BB130005,62
95BB130006,36
95BB130007,20
95BB130008,10
95BB130009,25
95BB130010,87
95BB130011,71
95BB130012,68
95BB130013,76
95BB140001,38
95BB140002,35
95BB140003,33
95BB140004,36
95BB140005,35
95BB140006,38
95BB140007,44
95BB140008,25
95BB150001,35
95BB150002,27
95BB150003,38
95BB150004,24
95BB150005,49
95BB150006,41
95BB150007,50
95BB150008,38
95BB160001,42
95BB160002,37
95BB160003,14
95BB160004,61
95BB160005,39
95BB160006,31
95BB160007,28
95BB160008,27
95BB170001,26
95BB170002,25
95BB170003,39
95BB170004,41
95BB170005,61
95BB170006,30
95BB170007,42
95BB170008,24
95BB170009,41
95BB170010,53
95BB170011,87
95BB180001,31
95BB180002,22
95BB180003,18
95BB180004,16
95BB180005,35
95BB180006,34
95BB180007,26
95BB180008,70
95BB180009,19
95BB180010,43
95BB190001,53
95BB190002,53
95BB190003,41
95BB190004,31
95BB190005,67
95BB190006,65
95BB190007,11
95BB190008,58
95BB190009,58
95BB190010,42
95BB190011,26
95BB190012,75
95BB190013,23
95BB190014,66
95BB200001,53
95BB200002,28
95BB200003,42
95BB200004,70
95BB200005,41
95BB200006,39
95BB200007,49
95BB200008,25
95BB200009,33
95BB210001,39
95BB210002,39
95BB210003,40
95BB210004,25
95BB210005,36
95BB210006,21
95BB210007,45
95BB210008,35
95BB210009,27
95BB210010,43
95BB210011,34
95BB220001,60
95BB220002,17
95BB220003,34
95BB220004,30
95BB220005,49
95BB220006,48
95BB220007,55
95BB220008,63
95BB220009,31
95BB230001,21
95BB230002,25
95BB230003,39
95BB230004,36
95BB230005,40
95BB230006,25
95BB230007,30
95BB230008,
95BB230009,27
95CC010001,43
95CC010002,52
95CC010003,70
95CC010004,23
95CC010005,59
95CC010006,29
95CC020001,52
95CC020002,55
95CC020003,65
95CC020004,28
95CC020005,42
95CC020006,27
95CC030001,106
95CC030002,67
95CC030003,58
95CC030004,18
95CC030005,23
95CC030006,35
95CC030007,32
95CC040001,64
95CC040002,26
95CC040003,37
95CC040004,56
95CC040005,58
95CC040006,52
95CC050001,62
95CC050002,48
95CC050003,51
95CC050004,42
95CC050005,35
95CC050006,71
95CC060001,49
95CC060002,42
95CC060003,26
95CC060004,28
95CC060005,22
95CC060006,25
95CC060007,70
95CC060008,64
95CC070001,45
95CC070002,89
95CC070003,50
95CC070004,48
95CC070005,62
95CC070006,63
95CC070007,85
95CC080001,47
95CC080002,17
95CC080003,73
95CC080004,49
95CC080005,83
95CC080006,50
95CC080007,49
95CC090001,32
95CC090002,57
95CC090003,32
95CC090004,56
95CC090005,47
95CC090006,64
95CC090007,28
95CC100001,34
95CC100002,46
95CC100003,41
95CC100004,55
95CC100005,32
95CC100006,24
95CC110001,46
95CC110002,35
95CC110003,21
95CC110004,21
95CC110005,26
95CC110006,48
95CC120001,41
95CC120002,51
95CC120003,26
95CC120004,48
95CC120005,67
95CC120006,32
95CC120007,39
95CC130001,48
95CC130002,36
95CC130003,45
95CC130004,67
95CC130005,28
95CC130006,47
95CC140001,59
95CC140002,38
95CC140003,32
95CC140004,34
95CC140005,55
95CC140006,35
95CC140007,39
95CC150001,43
95CC150002,45
95CC150003,52
95CC150004,42
95CC150005,37
95CC150006,35
95CC150007,54
95CC160001,59
95CC160002,50
95CC160003,40
95CC160004,29
95CC160005,27
95CC160006,37
95CC160007,34
95CC170001,45
95CC170002,43
95CC170003,53
95CC170004,41
95CC170005,36
95CC170006,24
95CC180001,60
95CC180002,26
95CC180003,35
95CC180004,33
95CC180005,25
95CC180006,40
95CC180007,14
95CC190001,46
95CC190002,32
95CC190003,36
95CC190004,46
95CC190005,48
95CC190006,46
95CC200001,45
95CC200002,33
95CC200003,51
95CC200004,49
95CC200005,43
95CC200006,71
95CC200007,42
95CC200008,38
95CC200009,20
95CC210001,36
95CC210002,40
95CC210003,26
95CC210004,55
95CC210005,27
95CC210006,33
95CC210007,42
95CC210008,37
95CC220001,38
95CC220002,35
95CC220003,12
95CC220004,29
95CC220005,15
95CC220006,30
95CC220007,25
95DD010001,33
95DD010002,34
95DD010003,18
95DD010004,44
95DD010005,27
95DD010006,15
95DD020001,32
95DD020002,61
95DD020003,19
95DD020004,26
95DD020005,44
95DD020006,28
95DD020007,40
95DD020008,27
95DD020009,53
95DD020010,24
95DD020011,88
95DD030001,33
95DD030002,24
95DD030003,24
95DD030004,15
95DD030005,42
95DD030006,38
95DD030007,16
95DD040001,21
95DD040002,22
95DD040003,28
95DD040004,46
95DD040005,84
95DD040006,42
95DD040007,23
95DD050001,36
95DD050002,32
95DD050003,53
95DD050004,33
95DD050005,54
95DD050006,53
95DD060001,23
95DD060002,28
95DD060003,23
95DD060004,24
95DD060005,23
95DD060006,39
95DD060007,28
95DD070001,46
95DD070002,38
95DD070003,52
95DD070004,27
95DD070005,13
95DD070006,22
95DD070007,18
95DD070008,29
95DD070009,24
95DD080001,20
95DD080002,32
95DD080003,20
95DD080004,13
95DD080005,18
95DD080006,21
95DD080007,
95DD080008,7
95DD090001,38
95DD090002,26
95DD090003,34
95DD090004,27
95DD090005,35
95DD090006,30
95DD100001,24
95DD100002,33
95DD100003,12
95DD100004,27
95DD100005,24
95DD100006,29
95DD100007,26
95DD100008,27
95DD100009,16
95DD110001,39
95DD110002,35
95DD110003,54
95DD110004,41
95DD110005,47
95DD110006,56
95DD110007,45
95DD110008,63
95DD120001,50
95DD120002,38
95DD120003,28
95DD120004,47
95DD120005,46
95DD120006,41
95DD130001,25
95DD130002,29
95DD130003,30
95DD130004,36
95DD130005,7
95DD130006,36
95DD140001,34
95DD140002,33
95DD140003,60
95DD140004,79
95DD140005,29
95DD140006,26
95DD140007,46
95DD140008,46
95DD150001,33
95DD150002,43
95DD150003,56
95DD150004,42
95DD150005,65
95DD150006,31
95DD150007,41
95DD160001,33
95DD160002,26
95DD160003,35
95DD160004,28
95DD160005,38
95DD160006,41
95DD160007,51
95DD170001,58
95DD170002,33
95DD170003,35
95DD170004,41
95DD170005,58
95DD170006,43
95DD170007,51
95DD180001,15
95DD180002,29
95DD180003,14
95DD180004,16
95DD180005,29
95DD180006,18
95DD180007,9
95DD190001,30
95DD190002,35
95DD190003,34
95DD190004,38
95DD190005,55
95DD190006,32
95DD190007,29
95DD190008,59
95DD190009,40
95DD200001,22
95DD200002,27
95DD200003,32
95DD200004,14
95DD200005,31
95DD200006,26
95DD200007,26
95DD210001,32
95DD210002,32
95DD210003,25
95DD210004,35
95DD210005,19
95DD210006,31
95DD220001,41
95DD220002,35
95DD220003,39
95DD220004,54
95DD220005,46
95DD220006,57
95DD220007,23
95DD220008,46
95DD230001,35
95DD230002,27
95DD230003,15
95DD230004,37
95DD230005,43
95DD230006,31
95DD240001,37
95DD240002,57
95DD240003,38
95DD240004,45
95DD240005,55
95DD240006,40
95DD240007,68
95EE010001,59
95EE010002,46
95EE010003,66
95EE010004,70
95EE020001,37
95EE020002,46
95EE020003,33
95EE020004,38
95EE020005,32
95EE030001,52
95EE030002,54
95EE030003,41
95EE030004,29
95EE030005,22
95EE030006,30
95EE040001,70
95EE040002,46
95EE040003,38
95EE040004,33
95EE040005,40
95EE050001,38
95EE050002,27
95EE050003,48
95EE050004,27
95EE060001,40
95EE060002,51
95EE060003,83
95EE060004,45
95EE060005,59
95EE070001,31
95EE070002,19
95EE070003,37
95EE070004,61
95EE070005,32
95EE080001,26
95EE080002,36
95EE080003,27
95EE080004,32
95EE080005,
95EE090001,53
95EE090002,57
95EE090003,48
95EE090004,38
95EE100001,43
95EE100002,20
95EE100003,39
95EE100004,48
95EE110001,52
95EE110002,37
95EE110003,29
95EE110004,36
95EE120001,51
95EE120002,59
95EE120003,24
95EE120004,15
95EE120005,25
95EE120006,51
95EE130001,
95EE130002,36
95EE130003,33
95EE130004,6
95EE130005,36
95EE140001,25
95EE140002,30
95EE140003,34
95EE140004,28
95EE140005,35
95EE140006,52
95EE150001,30
95EE150002,52
95EE150003,29
95EE150004,40
95EE160001,36
95EE160002,34
95EE160003,55
95EE160004,60
95EE160005,48
95FF010001,55
95FF010002,43
95FF010003,26
95FF010004,76
95FF010005,39
95FF010006,31
95FF010007,46
95FF010008,57
95FF010009,55
95FF010010,71
95FF020001,50
95FF020002,41
95FF020003,59
95FF020004,51
95FF020005,37
95FF020006,45
95FF030001,30
95FF030002,41
95FF030003,56
95FF030004,46
95FF030005,24
95FF030006,55
95FF030007,43
95FF030008,67
95FF040001,27
95FF040002,46
95FF040003,40
95FF040004,36
95FF040005,39
95FF040006,49
95FF050001,17
95FF050002,32
95FF050003,31
95FF050004,45
95FF050005,43
95FF050006,19
95FF050007,23
95FF050008,28
95FF060001,49
95FF060002,39
95FF060003,36
95FF060004,88
95FF060005,50
95FF060006,34
95FF060007,27
95FF060008,37
95FF060009,39
95FF060010,77
95FF070001,48
95FF070002,72
95FF070003,16
95FF070004,36
95FF070005,8
95FF070006,54
95FF070007,37
95FF070008,53
95FF080001,34
95FF080002,18
95FF080003,42
95FF080004,28
95FF080005,53
95FF080006,84
95FF080007,6
95FF080008,24
95FF090001,47
95FF090002,57
95FF090003,38
95FF090004,36
95FF090005,36
95FF090006,20
95FF090007,42
95FF100001,31
95FF100002,45
95FF100003,29
95FF100004,65
95FF100005,36
95FF100006,42
95FF100007,44
95FF110001,53
95FF110002,37
95FF110003,23
95FF110004,28
95FF110005,27
95FF110006,33
95FF120001,35
95FF120002,28
95FF120003,36
95FF120004,54
95FF120005,43
95FF120006,34
95FF130001,52
95FF130002,50
95FF130003,44
95FF130004,36
95FF130005,48
95FF130006,21
95FF140001,36
95FF140002,50
95FF140003,28
95FF140004,30
95FF140005,30
95FF140006,32
95FF150001,52
95FF150002,66
95FF150003,15
95FF150004,28
95FF150005,39
95FF150006,34
95FF150007,40
95FF160001,29
95FF160002,25
95FF160003,58
95FF160004,23
95FF160005,24
95FF160006,18
95FF160007,35
95FF170001,15
95FF170002,31
95FF170003,22
95FF170004,19
95FF170005,29
95FF170006,26
95GG010001,25
95GG010002,44
95GG010003,36
95GG010004,20
95GG010005,26
95GG010006,37
95GG010007,57
95GG010008,43
95GG010009,24
95GG010010,25
95GG010011,43
95GG010012,32
95GG010013,25
95GG010014,10
95GG010015,20
95GG010016,24
95GG020001,31
95GG020002,38
95GG020003,100
95GG020004,51
95GG020005,90
95GG020006,62
95GG020007,48
95GG020008,62
95GG020009,29
95GG020010,48
95GG020011,37
95GG020012,30
95GG020013,31
95GG020014,51
95GG020015,28
95GG020016,47
95GG020017,54
95GG020018,29
95GG020019,67
95GG020020,56
95GG030001,32
95GG030002,18
95GG030003,14
95GG030004,14
95GG030005,40
95GG030006,30
95GG030007,32
95GG030008,37
95GG030009,11
95GG030010,8
95GG030011,31
95GG030012,11
95GG030013,10
95GG030014,28
95GG030015,13
95GG030016,25
95GG030017,47
95GG030018,28
95GG030019,17
95GG030020,11
95GG040001,24
95GG040002,16
95GG040003,63
95GG040004,7
95GG040005,21
95GG040006,45
95GG040007,26
95GG040008,18
95GG040009,37
95GG040010,63
95GG040011,50
95GG040012,15
95GG040013,30
95GG040014,53
95GG040015,56
95GG040016,34
95GG040017,32
95GG050001,26
95GG050002,17
95GG050003,8
95GG050004,22
95GG050005,34
95GG050006,17
95GG050007,30
95GG050008,20
95GG050009,23
95GG050010,7
95GG050011,26
95GG050012,
95GG050013,31
95GG050014,20
95GG050015,23
95GG050016,32
95GG050017,18
95GG050018,19
95GG050019,25
95GG050020,23
95GG060001,14
95GG060002,84
95GG060003,20
95GG060004,18
95GG060005,23
95GG060006,29
95GG060007,31
95GG060008,44
95GG060009,54
95GG060010,30
95GG060011,17
95GG060012,21
95GG060013,14
95GG060014,17
95GG060015,33
95GG060016,37
95GG060017,39
95GG060018,31
95GG060019,33
95GG060020,37
95GG070001,34
95GG070002,42
95GG070003,41
95GG070004,36
95GG070005,68
95GG070006,34
95GG070007,33
95GG070008,28
95GG070009,53
95GG070010,19
95GG070011,30
95GG070012,34
95GG070013,41
95GG070014,33
95GG070015,26
95GG070016,36
95GG070017,55
95GG080001,54
95GG080002,48
95GG080003,22
95GG080004,49
95GG080005,33
95GG080006,53
95GG080007,22
95GG080008,42
95GG080009,42
95GG080010,47
95GG080011,33
95GG080012,18
95GG080013,33
95GG080014,28
95GG080015,19
95GG080016,50
95GG090001,40
95GG090002,17
95GG090003,15
95GG090004,52
95GG090005,16
95GG090006,28
95GG090007,14
95GG090008,31
95GG090009,10
95GG090010,55
95GG090011,33
95GG090012,37
95GG090013,20
95GG090014,31
95GG090015,23
95GG090016,31
95GG090017,48
95GG090018,17
95GG090019,39
95GG090020,36
95GG100001,25
95GG100002,25
95GG100003,11
95GG100004,34
95GG100005,20
95GG100006,11
95GG100007,16
95GG100008,13
95GG100009,19
95GG100010,11
95GG100011,25
95GG100012,13
95GG100013,27
95GG100014,13
95GG100015,31
95GG100016,19
95GG110001,29
95GG110002,25
95GG110003,36
95GG110004,29
95GG110005,15
95GG110006,16
95GG110007,13
95GG110008,13
95GG110009,22
95GG110010,22
95GG110011,28
95GG110012,31
95GG110013,44
95GG110014,35
95GG110015,18
95GG110016,26
95GG110017,20
95GG110018,33
95GG110019,45
95GG110020,25
95GG110021,15
95GG120001,13
95GG120002,42
95GG120003,15
95GG120004,
95GG120005,8
95GG120006,23
95GG120007,8
95GG120008,9
95GG120009,17
95GG120010,13
95GG120011,6
95GG120012,
95GG120013,
95GG120014,8
95GG120015,
95GG120016,
95GG120017,8
95GG120018,26
95GG120019,45
95GG120020,
95GG120021,6
95GG120022,
95GG120023,34
95GG120024,7
95GG120025,7
95GG120026,
95GG120027,
95GG120028,11
95GG120029,41
95GG120030,
95GG130001,44
95GG130002,19
95GG130003,33
95GG130004,
95GG130005,37
95GG130006,38
95GG130007,38
95GG130008,19
95GG130009,29
95GG130010,23
95GG130011,12
95GG130012,26
95GG130013,15
95GG130014,14
95GG130015,45
95GG130016,19
95GG130017,15
95GG140001,56
95GG140002,37
95GG140003,25
95GG140004,16
95GG140005,38
95GG140006,38
95GG140007,40
95GG140008,38
95GG140009,45
95GG140010,30
95GG140011,31
95GG140012,28
95GG140013,38
95GG140014,52
95GG140015,31
95GG150001,33
95GG150002,44
95GG150003,27
95GG150004,28
95GG150005,33
95GG150006,20
95GG150007,40
95GG150008,25
95GG150009,22
95GG150010,30
95GG150011,31
95GG150012,16
95GG150013,29
95GG150014,16
95GG150015,14
95GG150016,37
95GG150017,25
95GG150018,20
95GG150019,30
95GG150020,29
95GG160001,33
95GG160002,38
95GG160003,36
95GG160004,45
95GG160005,31
95GG160006,34
95GG160007,42
95GG160008,36
95GG160009,23
95GG160010,47
95GG160011,29
95GG160012,28
95GG160013,12
95GG160014,26
95GG160015,45
95GG160016,35
95GG170001,33
95GG170002,47
95GG170003,56
95GG170004,41
95GG170005,49
95GG170006,48
95GG170007,25
95GG170008,39
95GG170009,24
95GG170010,40
95GG170011,34
95GG170012,48
95GG170013,22
95GG170014,39
95GG170015,31
95GG170016,53
95GG180001,
95GG180002,33
95GG180003,35
95GG180004,46
95GG180005,41
95GG180006,31
95GG180007,21
95GG180008,29
95GG180009,79
95GG180010,38
95GG180011,37
95GG180012,39
95GG180013,50
95GG180014,49
95GG190001,17
95GG190002,41
95GG190003,30
95GG190004,
95GG190005,17
95GG190006,6
95GG190007,39
95GG190008,31
95GG190009,22
95GG190010,34
95GG190011,16
95GG190012,10
95GG190013,22
95GG190014,29
95GG190015,6
95GG190016,35
95GG190017,12
95GG190018,20
95GG200001,40
95GG200002,40
95GG200003,14
95GG200004,29
95GG200005,22
95GG200006,23
95GG200007,12
95GG200008,22
95GG200009,7
95GG200010,20
95GG200011,31
95GG200012,42
95GG200013,17
95GG200014,20
95GG200015,23
95GG200016,21
95GG210001,45
95GG210002,16
95GG210003,29
95GG210004,23
95GG210005,38
95GG210006,63
95GG210007,35
95GG210008,60
95GG210009,63
95GG210010,49
95GG210011,42
95GG210012,41
95GG210013,25
95GG210014,60
95GG210015,59
95GG220001,15
95GG220002,22
95GG220003,26
95GG220004,37
95GG220005,47
95GG220006,35
95GG220007,41
95GG220008,33
95GG220009,31
95GG220010,12
95GG220011,54
95GG220012,67
95GG220013,37
95GG220014,33
95GG220015,43
95GG220016,31
95GG220017,30
95GG230001,36
95GG230002,38
95GG230003,53
95GG230004,
95GG230005,24
95GG230006,42
95GG230007,23
95GG230008,26
95GG230009,16
95GG230010,41
95GG230011,20
95GG230012,28
95GG230013,14
95GG230014,27
95GG230015,38
95GG240001,30
95GG240002,29
95GG240003,22
95GG240004,28
95GG240005,10
95GG240006,16
95GG240007,24
95GG240008,33
95GG240009,45
95GG240010,29
95GG240011,23
95GG240012,34
95GG240013,29
95GG240014,33
95GG240015,36
95GG240016,13
95GG250001,32
95GG250002,69
95GG250003,25
95GG250004,19
95GG250005,53
95GG250006,23
95GG250007,66
95GG250008,29
95GG250009,33
95GG250010,50
95GG250011,33
95GG250012,39
95GG250013,24
95GG250014,36
95GG250015,19
95GG250016,86
95GG250017,28
95GG260001,35
95GG260002,8
95GG260003,14
95GG260004,38
95GG260005,25
95GG260006,50
95GG260007,37
95GG260008,44
95GG260009,32
95GG260010,37
95GG260011,14
95GG260012,28
95GG260013,23
95GG260014,24
95GG270001,37
95GG270002,33
95GG270003,62
95GG270004,64
95GG270005,72
95GG270006,37
95GG270007,53
95GG270008,49
95GG270009,36
95GG270010,42
95GG270011,83
95GG270012,92
95GG270013,59
95GG270014,48
95GG270015,46
95GG270016,26
95GG270017,38
95GG270018,62
95GG270019,46
95GG280001,26
95GG280002,34
95GG280003,37
95GG280004,16
95GG280005,
95GG280006,25
95GG280007,26
95GG280008,45
95GG280009,42
95GG280010,36
95GG280011,43
95GG280012,51
95GG280013,30
95GG280014,30
95GG280015,64
95GG280016,19
95GG280017,30
95GG290001,31
95GG290002,29
95GG290003,12
95GG290004,36
95GG290005,27
95GG290006,
95GG290007,27
95GG290008,32
95GG290009,
95GG290010,26
95GG290011,29
95GG290012,24
95GG290013,12
95GG290014,18
95GG290015,19
95GG290016,33
95GG290017,30
95GG300001,35
95GG300002,15
95GG300003,18
95GG300004,20
95GG300005,26
95GG300006,37
95GG300007,40
95GG300008,20
95GG300009,24
95GG300010,37
95GG300011,31
95GG300012,32
95GG300013,30
95GG300014,17
95GG300015,32
95GG300016,16
95GG300017,19
95GG310001,52
95GG310002,46
95GG310003,60
95GG310004,44
95GG310005,35
95GG310006,76
95GG310007,45
95GG310008,40
95GG310009,33
95GG310010,30
95GG310011,34
95GG310012,48
95GG310013,40
95GG310014,40
95GG310015,41
95GG310016,31
95GG310017,34
95GG320001,30
95GG320002,14
95GG320003,29
95GG320004,36
95GG320005,36
95GG320006,34
95GG320007,53
95GG320008,74
95GG320009,49
95GG320010,25
95GG320011,15
95GG320012,24
95GG320013,22
95GG320014,19
95GG320015,22
95GG320016,20
95GG320017,37
95GG320018,19
95GG330001,54
95GG330002,22
95GG330003,47
95GG330004,48
95GG330005,41
95GG330006,31
95GG330007,45
95GG330008,29
95GG330009,26
95GG330010,44
95GG330011,40
95GG330012,
95GG330013,49
95GG330014,30
95GG330015,8
95GG330016,49
95GG330017,45
95GG340001,17
95GG340002,54
95GG340003,47
95GG340004,54
95GG340005,45
95GG340006,36
95GG340007,26
95GG340008,42
95GG340009,36
95GG340010,26
95GG340011,24
95GG340012,23
95GG340013,26
95GG340014,19
95GG340015,23
95GG340016,21
95GG350001,32
95GG350002,33
95GG350003,32
95GG350004,25
95GG350005,29
95GG350006,35
95GG350007,54
95GG350008,72
95GG350009,36
95GG350010,35
95GG350011,52
95GG350012,28
95GG350013,21
95GG350014,22
95GG350015,51
95GG350016,32
95GG350017,23
95GG360001,31
95GG360002,36
95GG360003,22
95GG360004,27
95GG360005,28
95GG360006,18
95GG360007,29
95GG360008,32
95GG360009,35
95GG360010,31
95GG360011,36
95GG360012,37
95GG360013,30
95GG360014,31
95GG360015,18
95GG360016,25
95GG360017,18
95GG360018,24
95GG360019,19
95GG370001,18
95GG370002,32
95GG370003,17
95GG370004,15
95GG370005,14
95GG370006,
95GG370007,30
95GG370008,26
95GG370009,29
95GG370010,15
95GG370011,10
95GG370012,21
95GG370013,31
95GG370014,35
95GG370015,27
95GG370016,31
95GG370017,44
95GG370018,15
95GG370019,10
95GG370020,18
95GG380001,28
95GG380002,35
95GG380003,32
95GG380004,37
95GG380005,12
95GG380006,24
95GG380007,20
95GG380008,23
95GG380009,14
95GG380010,8
95GG380011,27
95GG380012,22
95GG380013,47
95GG380014,34
95GG380015,15
95GG380016,35
95GG380017,12
95GG380018,29
95GG390001,36
95GG390002,44
95GG390003,19
95GG390004,40
95GG390005,17
95GG390006,13
95GG390007,
95GG390008,12
95GG390009,14
95GG390010,
95GG390011,15
95GG390012,30
95GG390013,30
95GG390014,12
95GG390015,9
95GG390016,38
95GG390017,25
95GG390018,30
95GG390019,19
95GG390020,20
95GG390021,10
95GG390022,
95GG390023,23
95GG390024,14
95GG400001,38
95GG400002,16
95GG400003,12
95GG400004,30
95GG400005,26
95GG400006,42
95GG400007,9
95GG400008,25
95GG400009,32
95GG400010,27
95GG400011,46
95GG400012,30
95GG400013,27
95GG400014,16
95GG400015,32
95GG410001,43
95GG410002,15
95GG410003,28
95GG410004,16
95GG410005,18
95GG410006,35
95GG410007,22
95GG410008,18
95GG410009,16
95GG410010,25
95GG410011,36
95GG410012,34
95GG410013,21
95GG410014,20
95GG410015,31
95GG410016,21
95GG410017,32
95GG420001,
95GG420002,
95GG420003,
95GG420004,19
95GG420005,6
95GG420006,28
95GG420007,13
95GG420008,44
95GG420009,50
95GG420010,23
95GG420011,22
95GG420012,19
95GG420013,26
95GG420014,34
95GG420015,35
95GG420016,28
95GG420017,52
95GG420018,44
95GG420019,37
95GG430001,24
95GG430002,27
95GG430003,39
95GG430004,18
95GG430005,10
95GG430006,27
95GG430007,36
95GG430008,25
95GG430009,34
95GG430010,26
95GG430011,26
95GG430012,10
95GG430013,22
95GG430014,24
95GG430015,31
95GG430016,23
95GG430017,42
95GG430018,15
95GG430019,35
95GG440001,23
95GG440002,12
95GG440003,7
95GG440004,35
95GG440005,25
95GG440006,19
95GG440007,28
95GG440008,32
95GG440009,14
95GG440010,18
95GG440011,11
95GG440012,10
95GG440013,16
95GG440014,24
95GG440015,26
95GG440016,43
95GG440017,14
95GG440018,28
95GG450001,24
95GG450002,29
95GG450003,34
95GG450004,35
95GG450005,22
95GG450006,25
95GG450007,8
95GG450008,19
95GG450009,26
95GG450010,27
95GG450011,24
95GG450012,31
95GG450013,11
95GG450014,26
95GG450015,43
95GG450016,22
95GG450017,41
95GG460001,68
95GG460002,83
95GG460003,43
95GG460004,57
95GG460005,66
95GG460006,46
95GG460007,45
95GG460008,45
95GG460009,61
95GG460010,33
95GG460011,36
95GG460012,52
95GG460013,55
95GG460014,37
95GG460015,33
95GG470001,46
95GG470002,48
95GG470003,21
95GG470004,27
95GG470005,43
95GG470006,32
95GG470007,73
95GG470008,68
95GG470009,37
95GG470010,50
95GG470011,28
95GG470012,48
95GG470013,43
95GG470014,19
95GG470015,31
95GG470016,35
95GG470017,31
95GG470018,43
95GG470019,26
95GG470020,49
95GG480001,47
95GG480002,53
95GG480003,68
95GG480004,54
95GG480005,56
95GG480006,62
95GG480007,69
95GG480008,58
95GG480009,40
95GG480010,50
95GG480011,44
95GG480012,36
95GG480013,68
95GG480014,47
95GG490001,7
95GG490002,
95GG490003,10
95GG490004,
95GG490005,7
95GG490006,17
95GG490007,15
95GG490008,12
95GG490009,40
95GG490010,14
95GG490011,12
95GG490012,12
95GG490013,9
95GG490014,10
95GG490015,
95GG490016,
95GG490017,7
95GG490018,9
95GG490019,
95GG490020,17
95GG490021,9
95GG490022,6
95GG490023,
95GG490024,
95GG490025,11
95GG500001,28
95GG500002,31
95GG500003,16
95GG500004,26
95GG500005,20
95GG500006,27
95GG500007,31
95GG500008,20
95GG500009,40
95GG500010,18
95GG500011,27
95GG500012,37
95GG500013,28
95GG500014,35
95GG500015,23
95GG500016,36
95GG500017,24
95GG500018,21
95GG500019,11
95GG500020,14
95GG510001,29
95GG510002,27
95GG510003,10
95GG510004,49
95GG510005,23
95GG510006,36
95GG510007,18
95GG510008,25
95GG510009,22
95GG510010,33
95GG510011,20
95GG510012,21
95GG510013,29
95GG510014,17
95GG510015,19
95GG510016,30
95GG510017,25
95GG510018,34
95HH010001,16
95HH010002,20
95HH010003,30
95HH010004,48
95HH010005,19
95HH010006,29
95HH010007,11
95HH020001,18
95HH020002,29
95HH020003,73
95HH020004,58
95HH020005,79
95HH020006,50
95HH020007,73
95HH020008,38
95HH030001,20
95HH030002,10
95HH030003,25
95HH030004,6
95HH030005,8
95HH030006,18
95HH040001,26
95HH040002,54
95HH040003,63
95HH040004,45
95HH040005,36
95HH040006,38
95HH040007,41
95HH040008,52
95HH040009,36
95HH050001,29
95HH050002,44
95HH050003,47
95HH050004,37
95HH050005,19
95HH050006,27
95HH050007,48
95HH060001,79
95HH060002,36
95HH060003,27
95HH060004,42
95HH060005,66
95HH060006,89
95HH060007,91
95HH060008,38
95HH060009,38
95HH060010,20
95HH060011,27
95HH070001,39
95HH070002,13
95HH070003,33
95HH070004,56
95HH070005,20
95HH080001,15
95HH080002,46
95HH080003,51
95HH080004,24
95HH080005,37
95HH080006,20
95HH080007,41
95HH080008,55
95HH090001,
95HH090002,39
95HH090003,11
95HH090004,19
95HH090005,6
95HH090006,7
95HH090007,28
95HH090008,22
95HH090009,19
95HH090010,28
95HH100001,42
95HH100002,22
95HH100003,42
95HH100004,28
95HH100005,27
95HH100006,46
95HH110001,25
95HH110002,18
95HH110003,24
95HH110004,51
95HH110005,33
95HH120001,33
95HH120002,38
95HH120003,14
95HH120004,49
95HH120005,47
95HH130001,35
95HH130002,28
95HH130003,35
95HH130004,53
95HH130005,34
95HH140001,34
95HH140002,
95HH140003,35
95HH140004,32
95HH140005,9
95HH140006,
95HH150001,51
95HH150002,63
95HH150003,46
95HH150004,25
95HH150005,20
95HH150006,
95HH150007,24
95HH160001,22
95HH160002,23
95HH160003,27
95HH160004,26
95HH160005,29
95HH160006,19
95HH160007,25
95HH170001,57
95HH170002,65
95HH170003,20
95HH170004,32
95HH170005,37
95HH170006,30
95HH170007,31
95II010001,29
95II010002,13
95II010003,20
95II010004,45
95II010005,21
95II010006,19
95II010007,33
95II010008,52
95II010009,16
95II010010,26
95II020001,29
95II020002,15
95II020003,22
95II020004,37
95II020005,14
95II020006,27
95II020007,20
95II020008,26
95II020009,65
95II020010,76
95II020011,111
95II020012,93
95II020013,57
95II020014,20
95II020015,80
95II030001,27
95II030002,23
95II030003,32
95II030004,36
95II030005,42
95II030006,56
95II030007,67
95II030008,33
95II030009,92
95II030010,81
95II030011,41
95II040001,20
95II040002,50
95II040003,40
95II040004,24
95II040005,32
95II040006,32
95II040007,41
95II040008,56
95II040009,45
95II040010,69
95II040011,38
95II040012,37
95II050001,51
95II050002,
95II050003,29
95II050004,59
95II050005,49
95II050006,21
95II050007,43
95II050008,61
95II050009,73
95II050010,27
95II060001,78
95II060002,48
95II060003,29
95II060004,36
95II060005,32
95II060006,41
95II060007,18
95II060008,49
95II060009,72
95II070001,32
95II070002,29
95II070003,26
95II070004,26
95II070005,13
95II070006,32
95II070007,
95II070008,7
95II070009,
95II080001,22
95II080002,
95II080003,21
95II080004,42
95II080005,29
95II080006,30
95II080007,10
95II080008,26
95II080009,43
95II090001,23
95II090002,10
95II090003,21
95II090004,26
95II090005,19
95II090006,31
95II090007,63
95II090008,55
95II090009,58
95II090010,22
95II090011,25
95II100001,70
95II100002,42
95II100003,23
95II100004,27
95II100005,32
95II100006,27
95II100007,23
95II100008,21
95II100009,23
95II110001,28
95II110002,74
95II110003,28
95II110004,25
95II110005,39
95II110006,25
95II110007,20
95II110008,20
95II120001,21
95II120002,36
95II120003,33
95II120004,21
95II120005,30
95II120006,40
95II120007,26
95II120008,29
95II130001,17
95II130002,15
95II130003,25
95II130004,
95II130005,16
95II130006,32
95II130007,24
95II130008,25
95II130009,35
95II130010,8
95II140001,39
95II140002,22
95II140003,28
95II140004,30
95II140005,41
95II140006,24
95II140007,20
95II140008,39
95II150001,45
95II150002,39
95II150003,21
95II150004,66
95II150005,41
95II150006,22
95II150007,27
95II150008,55
95II150009,29
95II160001,22
95II160002,42
95II160003,17
95II160004,18
95II160005,16
95II160006,28
95II160007,15
95II170001,20
95II170002,14
95II170003,21
95II170004,24
95II170005,34
95II170006,39
95II170007,17
95II170008,50
95II170009,20
95II180001,37
95II180002,30
95II180003,34
95II180004,16
95II180005,19
95II180006,27
95II180007,25
95II180008,6
95II190001,24
95II190002,36
95II190003,22
95II190004,18
95II190005,44
95II190006,51
95II190007,27
95II190008,39
95II190009,50
95II190010,81
95II190011,48
95II200001,26
95II200002,19
95II200003,27
95II200004,22
95II200005,15
95II200006,32
95II200007,18
95II200008,34
95II200009,22
95II210001,58
95II210002,23
95II210003,34
95II210004,28
95II210005,21
95II210006,75
95II210007,30
95II210008,33
95II220001,27
95II220002,18
95II220003,29
95II220004,19
95II220005,15
95II220006,24
95II220007,31
95II220008,15
95II230001,39
95II230002,32
95II230003,31
95II230004,25
95II230005,22
95II230006,36
95II230007,30
95JJ010001,29
95JJ010002,36
95JJ010003,27
95JJ010004,25
95JJ010005,28
95JJ010006,30
95JJ020001,45
95JJ020002,26
95JJ020003,39
95JJ020004,21
95JJ020005,32
95JJ020006,16
95JJ020007,12
95JJ020008,24
95JJ020009,18
95JJ030001,72
95JJ030002,28
95JJ030003,53
95JJ030004,68
95JJ030005,68
95JJ030006,31
95JJ030007,51
95JJ030008,32
95JJ030009,65
95JJ040001,21
95JJ040002,37
95JJ040003,45
95JJ040004,22
95JJ040005,28
95JJ040006,46
95JJ040007,37
95JJ040008,45
95JJ040009,47
95JJ050001,18
95JJ050002,20
95JJ050003,
95JJ050004,15
95JJ050005,29
95JJ050006,28
95JJ050007,20
95JJ060001,27
95JJ060002,37
95JJ060003,18
95JJ060004,58
95JJ060005,34
95JJ060006,39
95JJ060007,50
95JJ060008,21
95JJ070001,21
95JJ070002,35
95JJ070003,41
95JJ070004,74
95JJ070005,41
95JJ070006,72
95JJ070007,37
95JJ070008,32
95JJ080001,21
95JJ080002,26
95JJ080003,34
95JJ080004,55
95JJ080005,24
95JJ080006,28
95JJ080007,40
95JJ080008,46
95JJ090001,23
95JJ090002,37
95JJ090003,38
95JJ090004,34
95JJ090005,14
95JJ090006,15
95JJ090007,17
95JJ100001,41
95JJ100002,35
95JJ100003,33
95JJ100004,60
95JJ100005,41
95JJ100006,50
95JJ100007,17
95JJ110001,26
95JJ110002,48
95JJ110003,52
95JJ110004,35
95JJ110005,31
95JJ110006,24
95JJ110007,32
95JJ110008,32
95JJ110009,53
95JJ110010,51
95JJ120001,57
95JJ120002,48
95JJ120003,50
95JJ120004,80
95JJ120005,16
95JJ120006,45
95JJ120007,39
95JJ130001,62
95JJ130002,52
95JJ130003,35
95JJ130004,61
95JJ130005,35
95JJ130006,51
95JJ130007,71
95JJ130008,36
95JJ130009,42
95JJ130010,36
95JJ140001,35
95JJ140002,24
95JJ140003,29
95JJ140004,32
95JJ140005,35
95JJ140006,41
95JJ150001,8
95JJ150002,22
95JJ150003,35
95JJ150004,22
95JJ150005,15
95JJ150006,22
95JJ160001,23
95JJ160002,8
95JJ160003,13
95JJ160004,19
95JJ160005,16
95JJ160006,25
95JJ160007,
95JJ160008,18
95JJ170001,41
95JJ170002,49
95JJ170003,41
95JJ170004,40
95JJ170005,57
95JJ180001,19
95JJ180002,17
95JJ180003,15
95JJ180004,21
95JJ180005,34
95JJ180006,19
95JJ180007,24
95JJ180008,30
95JJ190001,12
95JJ190002,26
95JJ190003,36
95JJ190004,15
95JJ190005,17
95JJ190006,
95JJ190007,31
95JJ190008,16
95JJ190009,15
95JJ200001,53
95JJ200002,66
95JJ200003,58
95JJ200004,38
95JJ200005,18
95JJ200006,43
95JJ200007,58
95JJ200008,47
95JJ200009,54
95JJ200010,24
95JJ200011,38
95JJ200012,18
95JJ200013,44
95JJ210001,25
95JJ210002,28
95JJ210003,43
95JJ210004,11
95JJ210005,33
95JJ210006,25
95JJ210007,68
95JJ220001,27
95JJ220002,38
95JJ220003,76
95JJ220004,26
95JJ220005,39
95JJ220006,39
95JJ220007,54
95KK010001,57
95KK010002,53
95KK010003,52
95KK010004,56
95KK010005,39
95KK020001,46
95KK020002,34
95KK020003,31
95KK020004,34
95KK020005,23
95KK030001,46
95KK030002,45
95KK030003,70
95KK030004,56
95KK030005,48
95KK040001,57
95KK040002,32
95KK040003,37
95KK040004,59
95KK040005,84
95KK040006,85
95KK040007,76
95KK050001,43
95KK050002,72
95KK050003,58
95KK050004,55
95KK050005,50
95KK060001,37
95KK060002,
95KK060003,26
95KK060004,46
95KK060005,80
95KK060006,43
95KK070001,23
95KK070002,46
95KK070003,54
95KK070004,38
95KK070005,22
95KK080001,40
95KK080002,41
95KK080003,48
95KK080004,40
95KK080005,36
95KK080006,45
95KK090001,34
95KK090002,37
95KK090003,20
95KK090004,18
95KK090005,34
95KK090006,57
95KK100001,33
95KK100002,49
95KK100003,53
95KK100004,37
95KK100005,56
95KK110001,48
95KK110002,45
95KK110003,23
95KK110004,58
95KK110005,40
95KK110006,21
95KK110007,22
95KK120001,39
95KK120002,42
95KK120003,65
95KK120004,45
95KK120005,60
95KK130001,27
95KK130002,33
95KK130003,36
95KK130004,33
95KK130005,21
95KK140001,52
95KK140002,36
95KK140003,37
95KK140004,36
95KK140005,39
95KK150001,44
95KK150002,68
95KK150003,38
95KK150004,40
95KK150005,46
95KK150006,43
95KK160001,35
95KK160002,79
95KK160003,26
95KK160004,20
95KK160005,49
95KK160006,24
95LL010001,53
95LL010002,59
95LL010003,95
95LL010004,52
95LL010005,37
95LL010006,86
95LL010007,73
95LL010008,53
95LL010009,42
95LL020001,10
95LL020002,18
95LL020003,12
95LL020004,29
95LL020005,14
95LL020006,41
95LL020007,53
95LL020008,18
95LL020009,48
95LL020010,25
95LL030001,21
95LL030002,53
95LL030003,39
95LL030004,35
95LL030005,36
95LL030006,29
95LL030007,21
95LL030008,34
95LL040001,56
95LL040002,52
95LL040003,30
95LL040004,49
95LL040005,36
95LL040006,18
95LL040007,29
95LL050001,36
95LL050002,40
95LL050003,55
95LL050004,55
95LL050005,21
95LL050006,44
95LL050007,45
95LL050008,58
95LL050009,56
95LL050010,66
95LL060001,27
95LL060002,17
95LL060003,29
95LL060004,16
95LL060005,21
95LL060006,26
95LL060007,34
95LL060008,50
95LL060009,38
95LL060010,53
95LL060011,86
95LL070001,28
95LL070002,20
95LL070003,14
95LL070004,17
95LL070005,16
95LL070006,16
95LL070007,24
95LL070008,65
95LL080001,54
95LL080002,30
95LL080003,27
95LL080004,30
95LL080005,26
95LL080006,49
95LL080007,40
95LL080008,50
95LL080009,67
95LL090001,21
95LL090002,40
95LL090003,17
95LL090004,19
95LL090005,34
95LL090006,25
95LL090007,76
95LL090008,84
95LL090009,32
95LL090010,17
95LL090011,25
95LL090012,10
95LL100001,44
95LL100002,66
95LL100003,49
95LL100004,50
95LL100005,62
95LL100006,56
95LL100007,88
95LL100008,57
95LL100009,64
95LL100010,53
95LL100011,44
95LL110001,43
95LL110002,58
95LL110003,35
95LL110004,36
95LL110005,54
95LL110006,26
95LL110007,30
95LL110008,26
95LL120001,51
95LL120002,51
95LL120003,52
95LL120004,65
95LL120005,74
95LL120006,55
95LL120007,33
95LL120008,56
95LL120009,55
95LL130001,62
95LL130002,58
95LL130003,31
95LL130004,35
95LL130005,43
95LL130006,23
95LL130007,29
95LL130008,30
95LL130009,55
95LL140001,88
95LL140002,45
95LL140003,36
95LL140004,88
95LL140005,49
95LL140006,33
95LL140007,41
95LL140008,21
95LL150001,27
95LL150002,23
95LL150003,24
95LL150004,22
95LL150005,35
95LL150006,38
95LL150007,51
95LL150008,26
95LL150009,
95LL150010,36
95LL150011,23
95LL160001,24
95LL160002,30
95LL160003,42
95LL160004,26
95LL160005,35
95LL160006,48
95LL160007,27
95LL160008,41
95LL160009,49
95LL160010,36
95LL160011,44
95LL170001,37
95LL170002,23
95LL170003,19
95LL170004,36
95LL170005,24
95LL170006,21
95LL170007,20
95LL170008,26
95LL170009,17
95LL180001,34
95LL180002,22
95LL180003,15
95LL180004,36
95LL180005,27
95LL180006,48
95LL180007,30
95LL180008,15
95LL180009,19
95LL190001,37
95LL190002,62
95LL190003,32
95LL190004,40
95LL190005,80
95LL190006,44
95LL190007,46
95LL190008,39
95LL190009,49
95LL190010,39
95LL190011,21
95LL200001,35
95LL200002,36
95LL200003,39
95LL200004,33
95LL200005,43
95LL200006,29
95LL200007,30
95LL200008,95
95LL210001,30
95LL210002,
95LL210003,
95LL210004,17
95LL210005,29
95LL210006,9
95LL210007,22
95LL210008,
95LL210009,65
95LL210010,24
95LL220001,28
95LL220002,39
95LL220003,52
95LL220004,50
95LL220005,26
95LL220006,50
95LL220007,38
95LL220008,35
95LL230001,19
95LL230002,35
95LL230003,20
95LL230004,17
95LL230005,29
95LL230006,39
95LL230007,20
95LL230008,35
95LL240001,49
95LL240002,22
95LL240003,34
95LL240004,44
95LL240005,40
95LL240006,39
95LL240007,42
95LL240008,51
95LL250001,27
95LL250002,33
95LL250003,33
95LL250004,55
95LL250005,12
95LL250006,48
95LL250007,53
95LL250008,27
95LL250009,53
95LL250010,52
95LL260001,57
95LL260002,21
95LL260003,41
95LL260004,60
95LL260005,35
95LL260006,55
95LL260007,97
95LL260008,48
95LL260009,59
95LL260010,32
95LL260011,41
95MM010001,36
95MM010002,20
95MM010003,26
95MM010004,31
95MM010005,39
95MM010006,46
95MM010007,59
95MM010008,46
95MM010009,70
95MM010010,132
95MM010011,15
95MM010012,14
95MM010013,40
95MM020001,24
95MM020002,16
95MM020003,46
95MM020004,81
95MM020005,68
95MM020006,27
95MM020007,22
95MM020008,16
95MM020009,29
95MM020010,22
95MM030001,59
95MM030002,49
95MM030003,80
95MM030004,58
95MM030005,44
95MM030006,52
95MM030007,33
95MM040001,17
95MM040002,29
95MM040003,39
95MM040004,35
95MM040005,32
95MM040006,28
95MM040007,24
95MM050001,50
95MM050002,43
95MM050003,19
95MM050004,46
95MM050005,51
95MM050006,34
95MM050007,11
95MM050008,25
95MM060001,58
95MM060002,58
95MM060003,45
95MM060004,41
95MM060005,28
95MM060006,36
95MM060007,53
95MM060008,49
95MM070001,39
95MM070002,20
95MM070003,32
95MM070004,32
95MM070005,57
95MM070006,39
95MM070007,41
95MM070008,18
95MM070009,50
95MM080001,37
95MM080002,62
95MM080003,36
95MM080004,37
95MM080005,13
95MM080006,67
95MM080007,35
95MM080008,37
95MM090001,40
95MM090002,43
95MM090003,43
95MM090004,35
95MM090005,50
95MM090006,46
95MM090007,62
95MM090008,86
95MM100001,118
95MM100002,45
95MM100003,78
95MM100004,36
95MM100005,42
95MM100006,50
95MM100007,73
95MM100008,42
95MM110001,40
95MM110002,51
95MM110003,50
95MM110004,61
95MM110005,49
95MM110006,51
95MM120001,54
95MM120002,73
95MM120003,88
95MM120004,61
95MM120005,86
95MM120006,67
95MM120007,46
95MM120008,67
95MM120009,82
95MM120010,95
95MM120011,67
95MM120012,41
95MM130001,67
95MM130002,72
95MM130003,84
95MM130004,88
95MM130005,60
95MM130006,70
95MM130007,76
95MM130008,128
95MM130009,117
95MM130010,98
95MM130011,54
95MM130012,82
95MM130013,42
95MM130014,61
95MM130015,51
95MM130016,75
95MM130017,48
95MM130018,48
95MM130019,47
95MM140001,128
95MM140002,22
95MM140003,9
95MM140004,30
95MM140005,31
95MM140006,34
95MM140007,27
95MM140008,14
95MM140009,26
95MM140010,25
95MM150001,34
95MM150002,23
95MM150003,24
95MM150004,43
95MM150005,25
95MM150006,26
95MM150007,65
95MM150008,73
95MM150009,85
95MM150010,72
95MM150011,27
95MM160001,37
95MM160002,51
95MM160003,66
95MM160004,44
95MM160005,31
95MM160006,58
95MM160007,59
95MM160008,32
95MM160009,46
95MM170001,63
95MM170002,44
95MM170003,69
95MM170004,20
95MM170005,53
95MM170006,91
95MM170007,15
95MM170008,46
95MM170009,31
95MM170010,33
95MM180001,43
95MM180002,29
95MM180003,46
95MM180004,35
95MM180005,35
95MM180006,65
95MM180007,64
95MM180008,96
95MM180009,58
95MM190001,30
95MM190002,39
95MM190003,24
95MM190004,22
95MM190005,39
95MM190006,25
95MM190007,24
95MM190008,64
95MM190009,58
95MM190010,45
95MM200001,11
95MM200002,24
95MM200003,18
95MM200004,35
95MM200005,9
95MM200006,51
95MM200007,40
95MM200008,27
95MM200009,18
95MM200010,27
95MM200011,40
95MM200012,33
95MM210001,45
95MM210002,71
95MM210003,44
95MM210004,44
95MM210005,32
95MM210006,38
95MM210007,54
95MM210008,22
95MM210009,36
95MM210010,41
95MM220001,36
95MM220002,26
95MM220003,24
95MM220004,9
95MM220005,51
95MM220006,23
95MM220007,42
95MM220008,25
95MM230001,15
95MM230002,38
95MM230003,31
95MM230004,40
95MM230005,9
95MM230006,31
95MM230007,38
95MM230008,28
95MM240001,81
95MM240002,31
95MM240003,19
95MM240004,66
95MM240005,69
95MM240006,59
95MM240007,39
95MM250001,107
95MM250002,82
95MM250003,90
95MM250004,98
95MM250005,59
95MM250006,62
95MM250007,103
95MM250008,31
95MM250009,66
95MM250010,88
95MM250011,88
95MM250012,79
95MM250013,42
95MM250014,72
95MM250015,57
95MM250016,104
95MM260001,69
95MM260002,50
95MM260003,58
95MM260004,39
95MM260005,57
95MM260006,51
95MM260007,43
95MM260008,34
95MM260009,59
95MM270001,14
95MM270002,18
95MM270003,
95MM270004,21
95MM270005,22
95MM270006,28
95MM270007,16
95MM270008,24
95MM270009,17
95MM270010,12
95MM270011,26
95MM270012,19
95MM270013,24
95MM280001,25
95MM280002,26
95MM280003,46
95MM280004,22
95MM280005,50
95MM280006,45
95MM280007,42
95MM280008,22
95MM290001,21
95MM290002,43
95MM290003,9
95MM290004,14
95MM290005,46
95MM290006,20
95MM290007,15
95MM290008,72
95MM290009,56
95MM300001,23
95MM300002,46
95MM300003,37
95MM300004,27
95MM300005,47
95MM300006,44
95MM300007,22
95NN010001,67
95NN010002,53
95NN010003,43
95NN010004,28
95NN010005,36
95NN010006,41
95NN010007,33
95NN010008,39
95NN020001,24
95NN020002,86
95NN020003,25
95NN020004,33
95NN020005,46
95NN020006,32
95NN030001,58
95NN030002,53
95NN030003,34
95NN030004,69
95NN030005,51
95NN030006,42
95NN030007,38
95NN030008,9
95NN040001,38
95NN040002,21
95NN040003,24
95NN040004,55
95NN040005,45
95NN040006,60
95NN040007,74
95NN050001,24
95NN050002,50
95NN050003,17
95NN050004,46
95NN050005,23
95NN050006,35
95NN050007,32
95NN050008,25
95NN060001,45
95NN060002,51
95NN060003,70
95NN060004,66
95NN060005,66
95NN060006,43
95NN060007,84
95NN060008,27
95NN070001,23
95NN070002,58
95NN070003,67
95NN070004,44
95NN070005,53
95NN070006,65
95NN070007,59
95NN070008,50
95NN070009,20
95NN080001,40
95NN080002,30
95NN080003,49
95NN080004,25
95NN080005,34
95NN080006,43
95NN080007,34
95NN080008,28
95NN090001,75
95NN090002,50
95NN090003,29
95NN090004,16
95NN090005,53
95NN090006,34
95NN090007,32
95NN090008,38
95NN100001,82
95NN100002,28
95NN100003,33
95NN100004,32
95NN100005,47
95NN100006,17
95NN100007,19
95NN100008,42
95NN100009,62
95NN110001,50
95NN110002,34
95NN110003,79
95NN110004,67
95NN110005,57
95NN110006,54
95NN110007,33
95NN110008,61
95NN120001,45
95NN120002,24
95NN120003,33
95NN120004,42
95NN120005,21
95NN120006,34
95NN120007,35
95NN130001,43
95NN130002,41
95NN130003,28
95NN130004,36
95NN130005,35
95NN130006,37
95NN130007,23
95NN140001,61
95NN140002,41
95NN140003,62
95NN140004,47
95NN140005,144
95NN140006,31
95NN140007,47
95NN140008,36
95NN140009,29
95NN150001,66
95NN150002,37
95NN150003,24
95NN150004,50
95NN150005,33
95NN150006,29
95NN150007,38
95NN150008,21
95NN160001,29
95NN160002,59
95NN160003,52
95NN160004,17
95NN160005,42
95NN160006,21
95NN160007,50
95NN160008,61
95NN170001,33
95NN170002,36
95NN170003,43
95NN170004,45
95NN170005,44
95NN170006,10
95NN170007,30
95NN180001,49
95NN180002,42
95NN180003,70
95NN180004,38
95NN180005,23
95NN180006,53
95NN180007,20
95NN190001,38
95NN190002,46
95NN190003,21
95NN190004,28
95NN190005,50
95NN190006,31
95NN190007,64
95NN190008,66
95NN190009,25
95NN200001,41
95NN200002,30
95NN200003,44
95NN200004,62
95NN200005,30
95NN200006,36
95NN200007,47
95NN210001,30
95NN210002,25
95NN210003,19
95NN210004,43
95NN210005,26
95NN210006,26
95NN210007,44
95NN210008,12
95NN220001,36
95NN220002,21
95NN220003,34
95NN220004,24
95NN220005,48
95NN220006,58
95NN230001,58
95NN230002,46
95NN230003,42
95NN230004,24
95NN230005,22
95NN230006,63
95NN230007,61
95OO010001,54
95OO010002,57
95OO010003,50
95OO010004,53
95OO010005,66
95OO020001,53
95OO020002,43
95OO020003,38
95OO020004,38
95OO020005,45
95OO030001,47
95OO030002,27
95OO030003,38
95OO030004,34
95OO030005,44
95OO030006,54
95OO040001,54
95OO040002,49
95OO040003,48
95OO040004,31
95OO040005,55
95OO040006,54
95OO050001,28
95OO050002,46
95OO050003,24
95OO050004,73
95OO050005,26
95OO050006,51
95OO060001,43
95OO060002,32
95OO060003,49
95OO060004,41
95OO060005,44
95OO060006,46
95OO070001,31
95OO070002,30
95OO070003,37
95OO070004,54
95OO070005,39
95OO070006,46
95OO080001,57
95OO080002,34
95OO080003,49
95OO080004,57
95OO080005,47
95OO080006,40
95OO090001,51
95OO090002,29
95OO090003,42
95OO090004,43
95OO090005,71
95OO100001,55
95OO100002,31
95OO100003,55
95OO100004,37
95OO100005,26
95OO100006,83
95OO100007,60
95OO110001,63
95OO110002,72
95OO110003,45
95OO110004,59
95OO110005,63
95OO110006,66
95OO110007,57
95OO120001,36
95OO120002,41
95OO120003,51
95OO120004,27
95OO120005,55
95OO120006,62
95OO130001,32
95OO130002,33
95OO130003,29
95OO130004,32
95OO130005,40
95OO130006,42
95OO130007,43
95OO140001,73
95OO140002,45
95OO140003,57
95OO140004,37
95OO140005,61
95OO150001,57
95OO150002,75
95OO150003,27
95OO150004,12
95OO150005,28
95OO160001,45
95OO160002,18
95OO160003,34
95OO160004,32
95OO160005,27
95OO160006,53
95OO170001,39
95OO170002,46
95OO170003,34
95OO170004,35
95OO170005,35
95OO170006,48
95OO180001,15
95OO180002,20
95OO180003,48
95OO180004,40
95OO180005,59
95OO180006,17
95OO190001,34
95OO190002,75
95OO190003,45
95OO190004,43
95OO190005,13
95OO190006,62
95OO190007,36
95OO200001,65
95OO200002,17
95OO200003,49
95OO200004,35
95OO200005,19
95OO200006,16
95OO210001,19
95OO210002,19
95OO210003,78
95OO210004,44
95OO210005,67
95OO210006,21
95OO220001,65
95OO220002,99
95OO220003,48
95OO220004,44
95OO220005,49
95PP010001,40
95PP010002,36
95PP010003,63
95PP010004,35
95PP010005,42
95PP010006,24
95PP010007,56
95PP020001,35
95PP020002,33
95PP020003,59
95PP020004,43
95PP020005,28
95PP020006,39
95PP020007,34
95PP030001,35
95PP030002,48
95PP030003,48
95PP030004,47
95PP030005,34
95PP030006,30
95PP030007,47
95PP040001,30
95PP040002,36
95PP040003,50
95PP040004,35
95PP040005,45
95PP040006,49
95PP040007,37
95PP050001,39
95PP050002,29
95PP050003,40
95PP050004,41
95PP050005,40
95PP050006,38
95PP060001,45
95PP060002,52
95PP060003,51
95PP060004,66
95PP060005,58
95PP060006,44
95PP060007,18
95PP060008,30
95PP060009,21
95PP060010,59
95PP060011,71
95PP070001,38
95PP070002,34
95PP070003,36
95PP070004,33
95PP070005,32
95PP070006,51
95PP080001,23
95PP080002,25
95PP080003,24
95PP080004,44
95PP080005,43
95PP080006,28
95PP080007,46
95PP090001,36
95PP090002,18
95PP090003,13
95PP090004,14
95PP090005,11
95PP090006,49
95PP100001,51
95PP100002,39
95PP100003,27
95PP100004,39
95PP100005,37
95PP100006,55
95PP110001,53
95PP110002,35
95PP110003,26
95PP110004,54
95PP110005,38
95PP110006,35
95PP110007,27
95PP110008,40
95PP120001,36
95PP120002,47
95PP120003,51
95PP120004,36
95PP120005,43
95PP120006,54
95PP130001,45
95PP130002,33
95PP130003,38
95PP130004,35
95PP130005,19
95PP130006,27
95PP130007,24
95PP140001,98
95PP140002,59
95PP140003,37
95PP140004,33
95PP140005,69
95PP140006,33
95PP140007,36
95PP140008,13
95PP140009,45
95PP150001,59
95PP150002,44
95PP150003,24
95PP150004,41
95PP150005,36
95PP150006,47
95PP150007,34
95PP150008,44
95PP160001,27
95PP160002,49
95PP160003,36
95PP160004,31
95PP160005,22
95PP170001,30
95PP170002,90
95PP170003,25
95PP170004,36
95PP170005,16
95PP170006,43
95PP170007,17
95PP170008,31
95PP180001,39
95PP180002,25
95PP180003,67
95PP180004,39
95PP180005,56
95PP180006,42
95PP180007,36
95PP190001,64
95PP190002,25
95PP190003,47
95PP190004,67
95PP190005,26
95PP190006,29
95PP190007,39
95PP200001,38
95PP200002,
95PP200003,
95PP200004,26
95PP200005,38
95PP200006,31
95PP200007,23
95PP200008,49
95PP200009,60
95PP210001,39
95PP210002,54
95PP210003,41
95PP210004,39
95PP210005,34
95PP210006,44
95PP220001,8
95PP220002,41
95PP220003,39
95PP220004,35
95PP220005,43
95PP220006,45
95PP220007,53
95PP220008,19
95PP230001,35
95PP230002,42
95PP230003,45
95PP230004,54
95PP230005,37
95PP230006,40
95QQ010001,16
95QQ010002,12
95QQ010003,29
95QQ010004,32
95QQ010005,37
95QQ010006,22
95QQ020001,46
95QQ020002,34
95QQ020003,30
95QQ020004,32
95QQ020005,43
95QQ020006,25
95QQ030001,39
95QQ030002,26
95QQ030003,38
95QQ030004,23
95QQ030005,26
95QQ040001,44
95QQ040002,22
95QQ040003,33
95QQ040004,29
95QQ040005,44
95QQ040006,54
95QQ050001,41
95QQ050002,59
95QQ050003,35
95QQ050004,44
95QQ050005,18
95QQ050006,30
95QQ050007,19
95QQ050008,44
95QQ060001,70
95QQ060002,19
95QQ060003,47
95QQ060004,46
95QQ060005,37
95QQ060006,28
95QQ070001,14
95QQ070002,19
95QQ070003,
95QQ070004,19
95QQ070005,
95QQ070006,
95QQ070007,48
95QQ070008,11
95QQ070009,25
95QQ080001,23
95QQ080002,11
95QQ080003,21
95QQ080004,26
95QQ080005,32
95QQ080006,24
95QQ090001,20
95QQ090002,17
95QQ090003,21
95QQ090004,18
95QQ090005,25
95QQ090006,18
95QQ090007,18
95QQ100001,41
95QQ100002,31
95QQ100003,40
95QQ100004,60
95QQ100005,47
95QQ110001,21
95QQ110002,35
95QQ110003,38
95QQ110004,32
95QQ110005,45
95QQ110006,29
95QQ120001,24
95QQ120002,25
95QQ120003,13
95QQ120004,30
95QQ120005,21
95QQ120006,26
95QQ130001,30
95QQ130002,34
95QQ130003,31
95QQ130004,30
95QQ130005,67
95QQ130006,41
95QQ130007,28
95QQ140001,34
95QQ140002,39
95QQ140003,63
95QQ140004,75
95QQ140005,54
95QQ140006,26
95QQ140007,52
95QQ140008,37
95QQ140009,47
95QQ140010,38
95QQ150001,18
95QQ150002,21
95QQ150003,18
95QQ150004,22
95QQ150005,32
95QQ150006,20
95RR010001,35
95RR010002,28
95RR010003,45
95RR010004,54
95RR010005,79
95RR010006,76
95RR010007,106
95RR010008,86
95RR020001,27
95RR020002,50
95RR020003,60
95RR020004,48
95RR020005,26
95RR030001,35
95RR030002,37
95RR030003,42
95RR030004,33
95RR030005,37
95RR040001,83
95RR040002,57
95RR040003,27
95RR040004,76
95RR040005,33
95RR040006,
95RR050001,63
95RR050002,27
95RR050003,48
95RR050004,44
95RR050005,36
95RR050006,59
95RR050007,17
95RR050008,80
95RR060001,67
95RR060002,62
95RR060003,46
95RR060004,49
95RR060005,50
95RR070001,38
95RR070002,75
95RR070003,53
95RR070004,84
95RR070005,37
95RR070006,51
95RR080001,47
95RR080002,28
95RR080003,48
95RR080004,55
95RR080005,25
95RR090001,38
95RR090002,55
95RR090003,267
95RR090004,61
95RR090005,40
95RR090006,20
95RR090007,38
95RR090008,52
95RR100001,38
95RR100002,59
95RR100003,26
95RR100004,46
95RR100005,49
95RR110001,28
95RR110002,53
95RR110003,38
95RR110004,22
95RR110005,36
95RR120001,28
95RR120002,34
95RR120003,26
95RR120004,16
95RR120005,12
95RR130001,16
95RR130002,14
95RR130003,
95RR130004,16
95RR130005,13
95RR130006,17
95RR140001,47
95RR140002,25
95RR140003,50
95RR140004,55
95RR150001,57
95RR150002,36
95RR150003,66
95RR150004,64
95RR150005,45
95SS010001,44
95SS010002,35
95SS010003,90
95SS010004,33
95SS010005,37
95SS010006,21
95SS010007,44
95SS010008,54
95SS010009,30
95SS010010,33
95SS010011,50
95SS020001,48
95SS020002,80
95SS020003,31
95SS020004,33
95SS020005,43
95SS020006,44
95SS020007,77
95SS020008,36
95SS020009,28
95SS020010,69
95SS020011,28
95SS020012,92
95SS030001,31
95SS030002,29
95SS030003,28
95SS030004,35
95SS030005,18
95SS030006,31
95SS030007,21
95SS030008,58
95SS030009,40
95SS040001,46
95SS040002,28
95SS040003,44
95SS040004,82
95SS040005,79
95SS040006,34
95SS040007,12
95SS040008,34
95SS040009,30
95SS040010,52
95SS040011,45
95SS040012,92
95SS040013,41
95SS040014,23
95SS040015,25
95SS040016,20
95SS040017,30
95SS050001,25
95SS050002,28
95SS050003,12
95SS050004,20
95SS050005,22
95SS050006,35
95SS050007,26
95SS050008,13
95SS050009,25
95SS050010,34
95SS060001,85
95SS060002,87
95SS060003,112
95SS060004,54
95SS060005,28
95SS060006,54
95SS060007,92
95SS060008,121
95SS060009,85
95SS060010,121
95SS060011,59
95SS060012,106
95SS060013,84
95SS060014,61
95SS070001,9
95SS070002,52
95SS070003,99
95SS070004,103
95SS070005,68
95SS070006,76
95SS070007,115
95SS070008,58
95SS070009,7
95SS070010,86
95SS070011,15
95SS070012,56
95SS070013,50
95SS070014,48
95SS070015,17
95SS070016,13
95SS070017,40
95SS080001,47
95SS080002,37
95SS080003,32
95SS080004,46
95SS080005,43
95SS080006,42
95SS080007,33
95SS080008,52
95SS080009,46
95SS080010,57
95SS080011,58
95SS090001,29
95SS090002,13
95SS090003,24
95SS090004,23
95SS090005,23
95SS090006,25
95SS090007,20
95SS090008,18
95SS090009,22
95SS090010,38
95SS100001,25
95SS100002,20
95SS100003,22
95SS100004,39
95SS100005,33
95SS100006,73
95SS100007,113
95SS100008,80
95SS100009,34
95SS100010,37
95SS100011,43
95SS100012,36
95SS110001,55
95SS110002,45
95SS110003,64
95SS110004,44
95SS110005,54
95SS110006,31
95SS110007,36
95SS110008,38
95SS110009,44
95SS110010,80
95SS110011,75
95SS120001,21
95SS120002,19
95SS120003,11
95SS120004,41
95SS120005,41
95SS120006,42
95SS120007,25
95SS120008,32
95SS120009,32
95SS130001,36
95SS130002,27
95SS130003,27
95SS130004,15
95SS130005,23
95SS130006,20
95SS130007,49
95SS130008,22
95SS130009,25
95SS130010,34
95SS140001,20
95SS140002,11
95SS140003,59
95SS140004,37
95SS140005,45
95SS140006,26
95SS140007,35
95SS140008,41
95SS140009,13
95SS150001,45
95SS150002,27
95SS150003,34
95SS150004,47
95SS150005,27
95SS150006,61
95SS150007,42
95SS150008,
95SS150009,14
95SS150010,12
95SS160001,50
95SS160002,59
95SS160003,42
95SS160004,35
95SS160005,58
95SS160006,57
95SS160007,49
95SS160008,39
95SS160009,39
95SS170001,28
95SS170002,7
95SS170003,30
95SS170004,30
95SS170005,28
95SS170006,39
95SS170007,32
95SS170008,43
95SS170009,58
95SS170010,35
95SS170011,41
95SS180001,43
95SS180002,
95SS180003,
95SS180004,29
95SS180005,25
95SS180006,19
95SS180007,18
95SS180008,36
95SS180009,37
95SS180010,32
95SS180011,17
95SS190001,15
95SS190002,30
95SS190003,8
95SS190004,19
95SS190005,25
95SS190006,35
95SS190007,39
95SS190008,36
95SS190009,27
95SS190010,35
95SS200001,27
95SS200002,10
95SS200003,30
95SS200004,24
95SS200005,49
95SS200006,8
95SS200007,17
95SS200008,41
95SS200009,9
95SS210001,55
95SS210002,35
95SS210003,35
95SS210004,40
95SS210005,39
95SS210006,72
95SS210007,54
95SS210008,35
95SS210009,36
95SS210010,39
95SS220001,101
95SS220002,37
95SS220003,20
95SS220004,24
95SS220005,37
95SS220006,19
95SS220007,23
95SS220008,43
95SS220009,118
95SS220010,36
95SS230001,41
95SS230002,34
95SS230003,32
95SS230004,44
95SS230005,36
95SS230006,26
95SS230007,38
95SS230008,29
95SS230009,56
95SS230010,26
95SS230011,16
95SS240001,58
95SS240002,33
95SS240003,52
95SS240004,20
95SS240005,40
95SS240006,41
95SS240007,47
95SS240008,83
95SS240009,64
95SS240010,20
95SS240011,19
95SS240012,51
95SS250001,15
95SS250002,36
95SS250003,28
95SS250004,57
95SS250005,19
95SS250006,59
95SS250007,34
95SS250008,53
95SS260001,37
95SS260002,55
95SS260003,37
95SS260004,62
95SS260005,87
95SS260006,73
95SS260007,68
95SS260008,107
95SS260009,38
95SS260010,76
95SS270001,10
95SS270002,12
95SS270003,30
95SS270004,17
95SS270005,33
95SS270006,25
95SS270007,6
95SS270008,14
95SS270009,27
95SS270010,14
95SS280001,38
95SS280002,20
95SS280003,35
95SS280004,25
95SS280005,19
95SS280006,18
95SS280007,28
95SS280008,19
95SS280009,29
95SS290001,35
95SS290002,39
95SS290003,34
95SS290004,64
95SS290005,62
95SS290006,54
95SS290007,44
95SS290008,33
95SS290009,44
95SS300001,116
95SS300002,16
95SS300003,20
95SS300004,25
95SS300005,35
95SS300006,44
95SS300007,30
95SS300008,30
95SS300009,22
95TT010001,51
95TT010002,57
95TT010003,41
95TT010004,55
95TT010005,42
95TT010006,77
95TT020001,42
95TT020002,66
95TT020003,62
95TT020004,46
95TT020005,52
95TT020006,58
95TT030001,41
95TT030002,31
95TT030003,46
95TT030004,90
95TT030005,42
95TT030006,34
95TT030007,44
95TT030008,45
95TT030009,41
95TT040001,50
95TT040002,34
95TT040003,40
95TT040004,64
95TT040005,54
95TT040006,49
95TT050001,72
95TT050002,30
95TT050003,32
95TT050004,57
95TT050005,33
95TT050006,36
95TT050007,54
95TT050008,78
95TT060001,25
95TT060002,55
95TT060003,55
95TT060004,46
95TT060005,26
95TT060006,59
95TT070001,41
95TT070002,62
95TT070003,30
95TT070004,41
95TT070005,56
95TT070006,29
95TT080001,44
95TT080002,37
95TT080003,33
95TT080004,43
95TT080005,34
95TT080006,41
95TT090001,47
95TT090002,55
95TT090003,43
95TT090004,55
95TT090005,37
95TT090006,67
95TT100001,77
95TT100002,26
95TT100003,20
95TT100004,54
95TT100005,39
95TT100006,74
95TT100007,19
95TT110001,90
95TT110002,55
95TT110003,48
95TT110004,49
95TT110005,70
95TT110006,52
95TT120001,57
95TT120002,30
95TT120003,37
95TT120004,24
95TT120005,41
95TT120006,51
95TT130001,76
95TT130002,78
95TT130003,38
95TT130004,53
95TT130005,66
95TT130006,55
95TT130007,28
95TT130008,53
95TT140001,38
95TT140002,32
95TT140003,55
95TT140004,36
95TT140005,21
95TT140006,25
95TT150001,50
95TT150002,31
95TT150003,58
95TT150004,23
95TT150005,46
95TT150006,34
95TT160001,50
95TT160002,49
95TT160003,49
95TT160004,69
95TT160005,57
95TT160006,57
95UU010001,39
95UU010002,57
95UU020001,60
95UU020002,30
95UU020003,21
95UU030001,14
95UU030002,
95UU030003,22
95UU040001,15
95UU040002,17
95UU040003,31
95UU050001,18
95UU050002,33
95UU050003,29
95UU060001,50
95UU060002,68
95UU060003,32
95UU060004,55
95UU070001,37
95UU070002,39
95UU080001,37
95UU080002,22
95UU080003,31
95UU080004,21
95UU090001,76
95UU090002,60
95UU090003,64
95UU090004,35
95UU100001,26
95UU100002,50
95UU100003,34
95UU110001,45
95UU110002,28
95UU110003,34
95UU120001,29
95UU120002,20
95UU120003,41
95UU120004,25
95UU130001,35
95UU130002,42
95UU140001,41
95UU140002,43
95UU140003,17
95UU140004,48
95UU140005,67
95UU150001,53
95UU150002,29
95VV010001,45
95VV010002,43
95VV010003,32
95VV010004,27
95VV010005,30
95VV010006,47
95VV010007,43
95VV010008,39
95VV010009,29
95VV020001,43
95VV020002,58
95VV020003,47
95VV020004,33
95VV020005,30
95VV020006,17
95VV020007,14
95VV030001,41
95VV030002,47
95VV030003,55
95VV030004,35
95VV030005,26
95VV030006,41
95VV030007,44
95VV040001,47
95VV040002,53
95VV040003,29
95VV040004,52
95VV040005,63
95VV040006,52
95VV040007,40
95VV050001,68
95VV050002,87
95VV050003,51
95VV050004,77
95VV050005,77
95VV050006,49
95VV050007,44
95VV050008,28
95VV060001,24
95VV060002,68
95VV060003,41
95VV060004,48
95VV060005,65
95VV060006,63
95VV060007,49
95VV070001,57
95VV070002,71
95VV070003,66
95VV070004,88
95VV070005,22
95VV070006,76
95VV070007,54
95VV070008,24
95VV070009,35
95VV070010,
95VV070011,69
95VV080001,30
95VV080002,38
95VV080003,64
95VV080004,53
95VV080005,50
95VV080006,40
95VV080007,62
95VV090001,40
95VV090002,39
95VV090003,31
95VV090004,49
95VV090005,33
95VV090006,29
95VV090007,59
95VV100001,73
95VV100002,26
95VV100003,38
95VV100004,46
95VV100005,89
95VV100006,60
95VV100007,75
95VV100008,21
95VV100009,31
95VV110001,62
95VV110002,20
95VV110003,47
95VV110004,44
95VV110005,57
95VV110006,44
95VV110007,74
95VV110008,84
95VV110009,48
95VV110010,53
95VV120001,62
95VV120002,54
95VV120003,52
95VV120004,23
95VV120005,55
95VV120006,60
95VV120007,46
95VV120008,62
95VV130001,35
95VV130002,56
95VV130003,62
95VV130004,45
95VV130005,71
95VV130006,64
95VV130007,54
95VV140001,68
95VV140002,
95VV140003,23
95VV140004,45
95VV140005,35
95VV140006,35
95VV140007,44
95VV140008,72
95VV150001,81
95VV150002,59
95VV150003,43
95VV150004,32
95VV150005,35
95VV150006,52
95VV150007,71
95VV150008,37
95VV160001,55
95VV160002,51
95VV160003,70
95VV160004,62
95VV160005,49
95VV160006,50
95VV160007,37
95VV170001,49
95VV170002,45
95VV170003,35
95VV170004,38
95VV170005,46
95VV170006,42
95VV170007,61
95VV170008,58
95VV180001,62
95VV180002,55
95VV180003,63
95VV180004,23
95VV180005,45
95VV180006,58
95VV180007,37
95VV180008,53
95VV180009,36
95VV180010,25
95VV190001,42
95VV190002,34
95VV190003,16
95VV190004,28
95VV190005,42
95VV190006,38
95VV190007,73
95VV190008,36
95VV200001,59
95VV200002,69
95VV200003,39
95VV200004,40
95VV200005,36
95VV200006,53
95VV210001,68
95VV210002,53
95VV210003,49
95VV210004,53
95VV210005,56
95VV210006,45
95VV210007,62
95VV220001,57
95VV220002,56
95VV220003,51
95VV220004,25
95VV220005,61
95VV220006,51
95VV230001,51
95VV230002,19
95VV230003,16
95VV230004,51
95VV230005,19
95VV230006,58
95VV230007,17
95VV230008,29
95VV240001,53
95VV240002,38
95VV240003,41
95VV240004,20
95VV240005,24
95VV240006,68
95VV240007,21
95VV240008,41
95VV240009,59
95VV250001,62
95VV250002,58
95VV250003,53
95VV250004,64
95VV250005,55
95VV250006,57
95VV250007,50
95VV250008,37
95VV260001,50
95VV260002,54
95VV260003,43
95VV260004,62
95VV260005,71
95VV260006,48
95VV260007,45
95VV270001,20
95VV270002,45
95VV270003,33
95VV270004,23
95VV270005,31
95VV270006,25
95VV270007,38
95VV280001,19
95VV280002,38
95VV280003,24
95VV280004,71
95VV280005,26
95VV280006,40
95VV280007,62
95VV280008,22
95VV280009,54
95VV280010,41
95VV290001,48
95VV290002,46
95VV290003,61
95VV290004,42
95VV290005,39
95VV290006,47
95VV290007,37
95VV300001,33
95VV300002,56
95VV300003,30
95VV300004,51
95VV300005,35
95VV300006,29
95VV300007,43
95VV300008,34
95WW010001,20
95WW010002,8
95WW010003,15
95WW010004,30
95WW010005,19
95WW010006,24
95WW010007,25
95WW010008,26
95WW010009,29
95WW010010,21
95WW020001,24
95WW020002,79
95WW020003,18
95WW020004,13
95WW020005,20
95WW020006,34
95WW020007,11
95WW020008,43
95WW020009,55
95WW020010,89
95WW020011,34
95WW030001,12
95WW030002,14
95WW030003,15
95WW030004,30
95WW030005,12
95WW030006,
95WW030007,30
95WW030008,34
95WW030009,15
95WW030010,17
95WW030011,94
95WW040001,57
95WW040002,27
95WW040003,50
95WW040004,54
95WW040005,63
95WW040006,48
95WW040007,37
95WW040008,30
95WW040009,38
95WW050001,13
95WW050002,30
95WW050003,29
95WW050004,20
95WW050005,35
95WW050006,24
95WW050007,35
95WW050008,13
95WW050009,29
95WW050010,35
95WW060001,19
95WW060002,33
95WW060003,40
95WW060004,48
95WW060005,49
95WW060006,34
95WW060007,41
95WW060008,29
95WW070001,24
95WW070002,25
95WW070003,42
95WW070004,25
95WW070005,52
95WW070006,35
95WW070007,41
95WW070008,32
95WW070009,24
95WW070010,21
95WW070011,53
95WW080001,10
95WW080002,22
95WW080003,39
95WW080004,53
95WW080005,42
95WW080006,14
95WW080007,32
95WW080008,39
95WW080009,41
95WW090001,45
95WW090002,25
95WW090003,19
95WW090004,
95WW090005,11
95WW090006,44
95WW090007,22
95WW090008,8
95WW090009,38
95WW100001,52
95WW100002,46
95WW100003,42
95WW100004,45
95WW100005,21
95WW100006,30
95WW100007,41
95WW100008,27
95WW100009,33
95WW110001,35
95WW110002,76
95WW110003,45
95WW110004,57
95WW110005,43
95WW110006,39
95WW110007,59
95WW110008,24
95WW120001,19
95WW120002,16
95WW120003,37
95WW120004,30
95WW120005,38
95WW120006,30
95WW120007,45
95WW120008,30
95WW120009,9
95WW130001,37
95WW130002,18
95WW130003,35
95WW130004,22
95WW130005,40
95WW130006,33
95WW130007,44
95WW130008,70
95WW130009,45
95WW130010,56
95WW140001,22
95WW140002,55
95WW140003,8
95WW140004,30
95WW140005,21
95WW140006,18
95WW140007,24
95WW140008,43
95WW150001,26
95WW150002,52
95WW150003,37
95WW150004,35
95WW150005,48
95WW150006,44
95WW150007,55
95WW150008,38
95WW150009,43
95WW160001,25
95WW160002,23
95WW160003,23
95WW160004,37
95WW160005,65
95WW160006,36
95WW160007,43
95WW160008,19
95WW160009,23
95WW160010,11
95WW170001,28
95WW170002,25
95WW170003,28
95WW170004,21
95WW170005,33
95WW170006,27
95WW170007,39
95WW170008,42
95WW180001,16
95WW180002,21
95WW180003,33
95WW180004,44
95WW180005,15
95WW180006,41
95WW180007,24
95WW180008,33
95WW190001,31
95WW190002,93
95WW190003,35
95WW190004,65
95WW190005,76
95WW190006,72
95WW190007,71
95WW190008,42
95WW190009,57
95WW190010,50
95WW190011,18
95WW190012,15
95WW190013,24
95WW190014,24
95WW190015,28
95WW200001,62
95WW200002,44
95WW200003,53
95WW200004,31
95WW200005,39
95WW200006,15
95WW200007,75
95WW200008,66
95WW200009,90
95WW200010,26
95WW200011,35
95WW200012,44
95WW200013,56
95WW200014,38
95WW210001,14
95WW210002,13
95WW210003,28
95WW210004,43
95WW210005,49
95WW210006,35
95WW210007,74
95WW210008,45
95WW210009,40
95WW210010,23
95WW210011,25
95WW220001,57
95WW220002,22
95WW220003,48
95WW220004,35
95WW220005,26
95WW220006,39
95WW220007,47
95WW220008,44
95WW220009,31
95WW230001,28
95WW230002,33
95WW230003,43
95WW230004,16
95WW230005,30
95WW230006,21
95WW230007,17
95WW230008,46
95WW230009,24
95WW230010,16
95WW240001,14
95WW240002,54
95WW240003,37
95WW240004,19
95WW240005,27
95WW240006,8
95WW240007,10
95WW240008,41
95WW240009,35
95WW240010,25
95WW240011,51
95WW250001,9
95WW250002,19
95WW250003,
95WW250004,12
95WW250005,7
95WW250006,
95WW250007,14
95WW250008,12
95WW250009,26
95WW250010,14
95XX010001,42
95XX010002,29
95XX010003,33
95XX010004,41
95XX010005,63
95XX010006,21
95XX010007,108
95XX010008,54
95XX010009,59
95XX010010,97
95XX010011,34
95XX010012,47
95XX010013,34
95XX020001,16
95XX020002,28
95XX020003,22
95XX020004,38
95XX020005,27
95XX020006,31
95XX020007,39
95XX020008,28
95XX030001,24
95XX030002,21
95XX030003,36
95XX030004,20
95XX030005,24
95XX030006,24
95XX030007,27
95XX030008,41
95XX040001,17
95XX040002,27
95XX040003,37
95XX040004,42
95XX040005,25
95XX040006,30
95XX040007,38
95XX040008,19
95XX040009,34
95XX040010,53
95XX040011,59
95XX050001,
95XX050002,11
95XX050003,17
95XX050004,14
95XX050005,14
95XX050006,23
95XX050007,14
95XX050008,18
95XX050009,15
95XX050010,10
95XX060001,40
95XX060002,72
95XX060003,71
95XX060004,20
95XX060005,32
95XX060006,8
95XX060007,26
95XX060008,63
95XX060009,39
95XX060010,26
95XX060011,37
95XX060012,15
95XX070001,26
95XX070002,27
95XX070003,25
95XX070004,14
95XX070005,22
95XX070006,12
95XX070007,17
95XX070008,27
95XX070009,
95XX070010,17
95XX070011,20
95XX080001,27
95XX080002,31
95XX080003,22
95XX080004,21
95XX080005,21
95XX080006,14
95XX080007,24
95XX080008,31
95XX080009,
95XX080010,25
95XX090001,21
95XX090002,18
95XX090003,12
95XX090004,19
95XX090005,7
95XX090006,15
95XX090007,25
95XX090008,26
95XX090009,32
95XX090010,16
95XX100001,46
95XX100002,27
95XX100003,83
95XX100004,60
95XX100005,62
95XX100006,49
95XX100007,37
95XX100008,56
95XX100009,44
95XX100010,49
95XX100011,35
95XX100012,44
95XX100013,38
95XX100014,18
95XX110001,35
95XX110002,59
95XX110003,23
95XX110004,49
95XX110005,45
95XX110006,20
95XX110007,33
95XX110008,47
95XX110009,51
95XX110010,24
95XX110011,34
95XX110012,24
95XX110013,29
95XX110014,60
95XX120001,35
95XX120002,21
95XX120003,21
95XX120004,22
95XX120005,22
95XX120006,28
95XX120007,27
95XX120008,30
95XX130001,19
95XX130002,
95XX130003,17
95XX130004,16
95XX130005,27
95XX130006,39
95XX130007,12
95XX130008,16
95XX130009,11
95XX140001,25
95XX140002,35
95XX140003,19
95XX140004,22
95XX140005,15
95XX140006,29
95XX140007,22
95XX140008,34
95XX150001,32
95XX150002,20
95XX150003,15
95XX150004,39
95XX150005,26
95XX150006,13
95XX150007,16
95XX150008,28
95XX150009,27
95XX160001,19
95XX160002,14
95XX160003,27
95XX160004,15
95XX160005,11
95XX160006,6
95XX160007,19
95XX160008,20
95XX160009,17
95XX170001,17
95XX170002,26
95XX170003,17
95XX170004,35
95XX170005,22
95XX170006,35
95XX170007,27
95XX170008,
95XX170009,23
95XX170010,19
95XX170011,10
95XX180001,20
95XX180002,23
95XX180003,22
95XX180004,18
95XX180005,
95XX180006,23
95XX180007,24
95XX180008,37
95XX180009,27
95XX180010,14
95XX190001,20
95XX190002,37
95XX190003,42
95XX190004,15
95XX190005,33
95XX190006,33
95XX190007,36
95XX190008,35
95XX200001,23
95XX200002,19
95XX200003,21
95XX200004,19
95XX200005,43
95XX200006,244
95XX200007,19
95XX200008,26
95XX200009,
95XX200010,15
95XX200011,
95XX200012,18
95XX210001,15
95XX210002,19
95XX210003,23
95XX210004,47
95XX210005,25
95XX210006,6
95XX210007,27
95XX210008,33
95XX220001,29
95XX220002,26
95XX220003,17
95XX220004,16
95XX220005,11
95XX220006,21
95XX220007,31
95XX220008,10
95XX220009,20
95XX230001,33
95XX230002,24
95XX230003,16
95XX230004,16
95XX230005,23
95XX230006,24
95XX230007,26
95XX230008,28
95XX230009,21
95XX230010,23
95XX240001,8
95XX240002,19
95XX240003,18
95XX240004,37
95XX240005,20
95XX240006,16
95XX240007,46
95XX240008,31
95XX240009,25
95XX250001,29
95XX250002,30
95XX250003,25
95XX250004,19
95XX250005,25
95XX250006,20
95XX250007,9
95XX250008,41
95XX250009,14
95YY010001,37
95YY010002,32
95YY010003,45
95YY010004,47
95YY010005,68
95YY010006,44
95YY020001,44
95YY020002,31
95YY020003,29
95YY020004,26
95YY020005,76
95YY020006,29
95YY020007,30
95YY030001,34
95YY030002,43
95YY030003,73
95YY030004,67
95YY030005,52
95YY030006,32
95YY040001,35
95YY040002,38
95YY040003,14
95YY040004,33
95YY040005,33
95YY040006,80
95YY040007,53
95YY050001,12
95YY050002,16
95YY050003,40
95YY050004,31
95YY050005,35
95YY050006,27
95YY050007,11
95YY060001,48
95YY060002,44
95YY060003,65
95YY060004,40
95YY060005,26
95YY060006,43
95YY070001,42
95YY070002,66
95YY070003,42
95YY070004,53
95YY070005,63
95YY070006,44
95YY080001,34
95YY080002,43
95YY080003,38
95YY080004,58
95YY080005,52
95YY090001,19
95YY090002,39
95YY090003,33
95YY090004,33
95YY090005,50
95YY090006,23
95YY090007,20
95YY090008,40
95YY100001,55
95YY100002,36
95YY100003,45
95YY100004,46
95YY100005,40
95YY110001,44
95YY110002,57
95YY110003,31
95YY110004,43
95YY110005,26
95YY110006,37
95YY120001,48
95YY120002,59
95YY120003,62
95YY120004,53
95YY120005,46
95YY130001,28
95YY130002,37
95YY130003,44
95YY130004,23
95YY130005,53
95YY130006,60
95YY130007,69
95YY130008,55
95YY140001,75
95YY140002,71
95YY140003,79
95YY140004,55
95YY140005,53
95YY140006,57
95YY140007,49
95YY140008,75
95YY150001,109
95YY150002,27
95YY150003,55
95YY150004,46
95YY150005,66
95YY150006,57
95YY150007,52
95YY150008,20
95YY160001,67
95YY160002,47
95YY160003,59
95YY160004,64
95YY160005,54
95YY170001,56
95YY170002,60
95YY170003,51
95YY170004,60
95YY170005,64
95YY180001,52
95YY180002,47
95YY180003,60
95YY180004,65
95YY180005,52
95YY190001,
95YY190002,27
95YY190003,41
95YY190004,14
95YY190005,11
95YY190006,43
95YY200001,56
95YY200002,38
95YY200003,70
95YY200004,60
95YY200005,86
95YY210001,63
95YY210002,50
95YY210003,53
95YY210004,39
95YY210005,48
95ZZ010001,65
95ZZ010002,43
95ZZ010003,57
95ZZ010004,40
95ZZ010005,33
95ZZ010006,60
95ZZ020001,58
95ZZ020002,84
95ZZ020003,67
95ZZ020004,54
95ZZ020005,59
95ZZ020006,40
95ZZ030001,27
95ZZ030002,53
95ZZ030003,29
95ZZ030004,23
95ZZ030005,42
95ZZ030006,47
95ZZ040001,49
95ZZ040002,48
95ZZ040003,43
95ZZ040004,49
95ZZ040005,47
95ZZ040006,53
95ZZ050001,39
95ZZ050002,40
95ZZ050003,43
95ZZ050004,54
95ZZ050005,51
95ZZ050006,44
95ZZ060001,14
95ZZ060002,22
95ZZ060003,65
95ZZ060004,23
95ZZ060005,52
95ZZ060006,84
95ZZ070001,48
95ZZ070002,58
95ZZ070003,61
95ZZ070004,40
95ZZ070005,35
95ZZ070006,61
95ZZ080001,65
95ZZ080002,40
95ZZ080003,64
95ZZ080004,39
95ZZ080005,40
95ZZ080006,35
95ZZ090001,37
95ZZ090002,37
95ZZ090003,33
95ZZ090004,44
95ZZ090005,46
95ZZ090006,64
95ZZ100001,45
95ZZ100002,77
95ZZ100003,33
95ZZ100004,51
95ZZ100005,58
95ZZ100006,19
95ZZ100007,
95ZZ110001,54
95ZZ110002,42
95ZZ110003,46
95ZZ110004,50
95ZZ110005,49
95ZZ110006,60
95ZZ120001,38
95ZZ120002,36
95ZZ120003,37
95ZZ120004,58
95ZZ120005,41
95ZZ120006,34
95ZZ120007,30
95ZZ130001,43
95ZZ130002,38
95ZZ130003,28
95ZZ130004,35
95ZZ130005,52
95ZZ130006,33
95ZZ140001,47
95ZZ140002,65
95ZZ140003,83
95ZZ140004,43
95ZZ140005,50
95ZZ140006,79
95ZZ140007,55
95ZZ140008,35
95ZZ150001,34
95ZZ150002,38
95ZZ150003,46
95ZZ150004,33
95ZZ150005,35
95ZZ150006,33
95ZZ160001,56
95ZZ160002,74
95ZZ160003,60
95ZZ160004,16
95ZZ160005,22
95ZZ160006,84
95ZZ160007,75
95ZZ160008,30
95ZZ160009,32
